<?xml version="1.0" encoding="UTF-8"?>
<?xml-stylesheet type="text/xsl" href="vehiculos.xsl"?>
<vehiculos>
     <vehiculo>
        <marca>Toyota</marca>
        <modelo>Auris</modelo>
        <matricula>3511-BGH</matricula>
        <puertas>5</puertas>
        <foto>https://imgsvrcars-a.akamaihd.net/images/2018/3/Toyota-Auris/x.jpg/Toyota-Auris-1.jpg</foto>
        <color>rojo</color>
        <tipo>Coche</tipo>
        <precio>12000</precio>
        <comentario>El Toyota Auris es un automóvil de turismo.</comentario>
    </vehiculo>
    <vehiculo>
        <marca>Yamaha</marca>
        <modelo>R1</modelo>
        <matricula>7854-NKD</matricula>
        <puertas>0</puertas>
        <foto>https://i.ytimg.com/vi/ZuRVzLmd8Og/maxresdefault.jpg</foto>
        <color>azul</color>
        <tipo>Moto</tipo>
        <precio>15000</precio>
        <comentario>La Yamaha R1 es una moto deportiva.</comentario>
    </vehiculo>
    <vehiculo>
        <marca>Mercedes</marca>
        <modelo>Actros</modelo>
        <matricula>8261-QJM</matricula>
        <puertas>2</puertas>
        <foto>https://cdn.motor1.com/images/mgl/8J78P/s1/2018-mercedes-benz-actros.jpg</foto>
        <color>rojo</color>
        <tipo>Camión</tipo>
        <precio>60000</precio>
        <comentario>Camion para transporte de mercancias.</comentario>
    </vehiculo>
    <vehiculo>
        <marca>Opel</marca>
        <modelo>Corsa</modelo>
        <matricula>6341-FMM</matricula>
        <puertas>4</puertas>
        <foto>https://i.pinimg.com/originals/c4/0a/e2/c40ae27a844faf964bd84b0f443ebec4.jpg</foto>
        <color>rojo</color>
        <tipo>Coche</tipo>
        <precio>3000</precio>
        <comentario>Coche antiguo compacto.</comentario>
    </vehiculo>
    <vehiculo>
        <marca>Vespino</marca>
        <modelo>SC</modelo>
        <matricula>9874-AMJ</matricula>
        <puertas>0</puertas>
        <foto>https://1.bp.blogspot.com/-m_iKrsKf-pM/U5HeiPoArQI/AAAAAAAACZI/t3Q3GPn5wtg/s1600/vespino+sc+(3).jpg</foto>
        <color>azul</color>
        <tipo>Moto</tipo>
        <precio>1000</precio>
        <comentario>Un clásico con encanto.</comentario>
    </vehiculo>
    <vehiculo>
        <marca>Wayne Industries</marca>
        <modelo>Batmobile</modelo>
        <matricula>0000-BAT</matricula>
        <puertas>2</puertas>
        <foto>http://i.ytimg.com/vi/nHi35yxMzQk/maxresdefault.jpg</foto>
        <color>negro</color>
        <tipo>Coche</tipo>
        <precio>10000000</precio>
        <comentario>Listo para salvar Gotham.</comentario>
    </vehiculo>
</vehiculos>